<?xml version="1.0" encoding="UTF-8"?>
<project-private xmlns="http://www.netbeans.org/ns/project-private/1">
    <editor-bookmarks xmlns="http://www.netbeans.org/ns/editor-bookmarks/2" lastBookmarkId="0"/>
    <open-files xmlns="http://www.netbeans.org/ns/projectui-open-files/2">
        <group>
            <file>file:/C:/Users/RC_Student_lab/Documents/NetBeansProjects/tshifhiwa%20nebalama%20st10331301_Prog5121_Part1/Registration%201/src/registration/pkg1/Login.java</file>
            <file>file:/C:/Users/RC_Student_lab/Documents/NetBeansProjects/tshifhiwa%20nebalama%20st10331301_Prog5121_Part1/Registration%201/src/registration/pkg1/Registration1.java</file>
        </group>
    </open-files>
</project-private>
